Games Played,Date,Home,Opponent,Goals,Goals Against,Result,Shots on Goal,Penalties in Minutes,Power Play Goals,Power Play Opportunities,SHG,Opponent Shots on Goal,Opponent Penalties in Minutes,Opponent Power Play Goals,Opponent Power Play Opportunities,Oponent SHG,CF = Shots + Blocks + Misses,CA = Shots + Blocks + Misses Against,CF / (CF + CA),FF = Shots + Misses,FA = Shots + Misses Against,FF / (FF + FA),Faceoff Wins,Faceoff Losses,Faceoff Win Percentage,Offensive Zone Faceoffs / (Offensive Zone Faceoffs + Defensive Zone Faceoffs),Shooting % + Save %
1,2014-10-09,1.0,Buffalo Sabres,3,1,W,40,4,1,,0,22,10,0.0,,0.0,58,35,62.4,42,30,58.3,23,26,46.9,53.9,100.6
2,2014-10-11,,New York Rangers,5,2,W,24,13,0,,0,26,25,0.0,,0.0,41,37,52.6,33,27,55.0,20,26,43.5,55.6,113.2
3,2014-10-14,,Dallas Stars,2,4,L,35,7,1,,0,35,13,0.0,,0.0,45,59,43.3,36,46,43.9,34,27,55.7,45.2,92.1
4,2014-10-17,,Calgary Flames,3,2,W,26,13,1,,0,31,15,0.0,,0.0,38,37,50.7,28,26,51.9,28,20,58.3,41.4,100.0
5,2014-10-18,1.0,Ottawa Senators,2,3,L,40,8,0,,0,35,10,0.0,,0.0,61,49,55.5,51,38,57.3,28,26,51.9,57.7,95.3
6,2014-10-23,1.0,San Jose Sharks,5,4,W,28,15,1,,1,37,15,1.0,,0.0,37,39,48.7,26,33,44.1,24,22,52.2,42.9,106.1
7,2014-10-24,1.0,Anaheim Ducks,1,4,L,17,13,1,,0,34,13,2.0,,0.0,29,43,40.3,25,34,42.4,22,31,41.5,48.6,90.9
8,2014-10-26,1.0,Los Angeles Kings,2,5,L,24,13,1,,0,27,21,1.0,,0.0,41,51,44.6,33,39,45.8,27,33,45.0,51.9,88.1
9,2014-10-28,,Ottawa Senators,2,5,L,38,31,1,,0,34,38,2.0,,0.0,46,47,49.5,38,37,50.7,24,23,51.1,49.3,93.4
10,2014-10-31,,Toronto Maple Leafs,1,4,L,29,4,1,,0,27,8,1.0,,0.0,41,39,51.3,29,30,49.2,24,35,40.7,68.3,88.0
11,2014-11-01,1.0,New Jersey Devils,2,3,L,34,16,1,,0,29,10,2.0,,0.0,30,35,46.2,27,25,51.9,21,22,48.8,46.1,99.1
12,2014-11-04,,Carolina Hurricanes,2,4,L,19,17,1,,0,37,9,0.0,,1.0,33,33,50.0,23,28,45.1,18,29,38.3,36.7,93.0
13,2014-11-07,1.0,Carolina Hurricanes,2,3,L,31,16,0,,0,35,10,1.0,,0.0,39,54,41.9,29,37,43.9,22,25,46.8,45.5,100.8
14,2014-11-08,,Tampa Bay Lightning,4,7,L,32,8,3,,0,38,10,2.0,,0.0,49,55,47.1,32,46,41.0,29,19,60.4,52.2,89.5
15,2014-11-11,1.0,Washington Capitals,2,4,L,26,10,0,,0,32,8,1.0,,0.0,50,36,58.1,30,27,52.6,19,25,43.2,53.6,92.9
16,2014-11-14,1.0,Philadelphia Flyers,4,3,W,38,6,3,,0,27,8,2.0,,0.0,55,42,56.7,42,28,60.0,22,28,44.0,53.1,103.3
17,2014-11-15,,San Jose Sharks,2,1,W,28,6,1,,0,37,6,0.0,,0.0,27,63,30.0,23,47,32.9,24,19,55.8,44.8,101.4
18,2014-11-18,,Detroit Red Wings,0,5,L,28,15,0,,0,40,11,2.0,,0.0,47,42,52.8,31,33,48.4,17,26,39.5,53.1,88.5
19,2014-11-21,,Boston Bruins,3,4,L,28,4,0,,0,41,16,0.0,,0.0,50,67,42.7,41,50,45.1,28,21,57.1,32.4,105.0
20,2014-11-22,1.0,Philadelphia Flyers,2,4,L,22,15,1,,0,37,13,1.0,,0.0,37,48,43.5,24,38,38.7,17,27,38.6,34.0,96.3
21,2014-11-25,,Winnipeg Jets,2,4,L,34,13,1,,0,32,27,2.0,,0.0,39,39,50.0,32,29,52.5,25,25,50.0,42.9,96.2
22,2014-11-28,,Vancouver Canucks,0,5,L,31,4,0,,0,30,6,0.0,,0.0,47,43,52.2,39,36,52.0,28,26,51.9,45.2,82.8
23,2014-11-29,1.0,Nashville Predators,1,2,L,22,8,1,,0,42,8,0.0,,0.0,31,61,33.7,22,43,33.8,24,22,52.2,38.7,94.3
24,2014-12-01,,Florida Panthers,2,1,W,23,6,0,,0,25,4,1.0,,0.0,38,51,42.7,33,31,51.6,27,19,58.7,41.9,110.5
25,2014-12-04,1.0,Florida Panthers,4,3,W,20,17,0,,0,55,9,1.0,,0.0,30,79,27.5,23,56,29.1,22,41,34.9,21.9,114.3
26,2014-12-06,1.0,Tampa Bay Lightning,3,1,W,20,10,1,,0,34,12,0.0,,0.0,33,55,37.5,24,43,35.8,20,26,43.5,42.3,108.1
27,2014-12-09,,Philadelphia Flyers,3,2,W,24,8,2,,0,21,8,1.0,,0.0,38,37,50.7,23,26,46.9,22,22,50.0,28.1,99.6
28,2014-12-11,1.0,Washington Capitals,3,2,W,23,12,1,,0,41,8,1.0,,0.0,39,45,46.4,30,31,49.2,17,25,40.5,59.6,105.2
29,2014-12-13,,Pittsburgh Penguins,4,3,W,27,38,1,,0,36,50,0.0,,1.0,31,40,43.7,20,29,40.8,22,22,50.0,26.8,98.6
30,2014-12-16,1.0,Detroit Red Wings,1,0,W,29,2,0,,0,30,6,,,,41,43,48.8,33,35,48.5,25,22,53.2,49.8,100.0
31,2014-12-18,,Washington Capitals,4,5,L,26,25,2,,0,36,27,0.0,,0.0,31,49,38.8,28,38,42.4,27,21,56.3,56.3,91.7
32,2014-12-20,,Chicago Blackhawks,3,2,W,19,12,0,,0,41,8,0.0,,0.0,33,54,37.9,22,48,31.4,20,28,41.7,40.2,100.5
33,2014-12-22,,Nashville Predators,1,5,L,31,8,1,,0,35,4,0.0,,0.0,46,48,48.9,35,37,48.6,17,31,35.4,65.5,83.3
34,2014-12-27,,Boston Bruins,6,2,W,30,13,1,,0,28,11,0.0,,0.0,36,48,42.9,32,35,47.8,28,26,51.9,55.2,110.5
35,2014-12-31,,Minnesota Wild,3,1,W,26,8,1,,0,29,4,1.0,,0.0,36,39,48.0,30,32,48.4,26,23,53.1,40.6,108.0
36,2015-01-03,1.0,Arizona Coyotes,3,6,L,26,23,1,,0,34,11,3.0,,0.0,36,49,42.4,24,38,38.7,23,30,43.4,51.4,96.4
37,2015-01-04,1.0,Colorado Avalanche,4,3,W,27,8,0,,0,29,4,0.0,,0.0,48,44,52.2,36,34,51.4,22,30,42.3,49.8,103.8
38,2015-01-06,1.0,Dallas Stars,4,2,W,20,15,1,,0,26,15,0.0,,0.0,28,37,43.1,23,26,46.9,16,19,45.7,44.4,108.9
39,2015-01-09,1.0,Toronto Maple Leafs,2,5,L,20,6,1,,0,32,4,2.0,,0.0,48,42,53.3,36,31,53.7,23,28,45.1,54.8,92.2
40,2015-01-10,,New York Islanders,2,5,L,18,14,1,,0,40,8,0.0,,0.0,33,46,41.8,22,40,35.5,20,16,55.6,47.8,89.9
41,2015-01-14,,Montreal Canadiens,2,3,L,16,16,1,,0,31,6,3.0,,0.0,33,49,40.2,26,35,42.6,19,29,39.6,36.2,107.7
42,2015-01-16,,New York Rangers,1,2,L,36,14,0,,0,26,18,0.0,,0.0,54,31,63.5,37,20,64.9,21,21,50.0,62.5,92.1
43,2015-01-17,1.0,Boston Bruins,3,1,W,31,4,1,,0,35,6,0.0,,0.0,43,56,43.4,31,42,42.5,24,32,42.9,44.2,105.7
44,2015-01-19,1.0,Minnesota Wild,3,1,W,23,8,1,,0,26,4,1.0,,0.0,38,51,42.7,26,40,39.4,22,25,46.8,42.3,110.0
45,2015-01-21,1.0,Winnipeg Jets,0,4,L,29,8,0,,0,29,8,0.0,,0.0,43,47,47.8,29,40,42.0,20,29,40.8,59.7,85.2
46,2015-01-27,,Washington Capitals,4,3,W,30,6,0,,0,28,10,0.0,,0.0,34,39,46.6,28,32,46.7,21,19,52.5,36.4,105.4
47,2015-01-29,1.0,Florida Panthers,2,3,L,33,8,0,,0,31,16,0.0,,0.0,46,40,53.5,40,34,54.1,17,18,48.6,77.8,94.9
48,2015-01-31,1.0,Tampa Bay Lightning,1,3,L,35,12,0,,0,34,10,0.0,,0.0,40,54,42.6,33,38,46.5,20,22,47.6,46.7,93.8
49,2015-02-03,,Arizona Coyotes,1,4,L,31,11,1,,0,29,11,2.0,,0.0,53,44,54.6,39,29,57.4,35,32,52.2,63.8,91.7
50,2015-02-06,,St. Louis Blues,7,1,W,33,13,0,,1,33,5,1.0,,0.0,43,55,43.9,37,44,45.7,24,29,45.3,52.9,120.0
51,2015-02-07,1.0,Ottawa Senators,4,1,W,33,11,0,,0,35,7,0.0,,0.0,49,52,48.5,38,40,48.7,22,23,48.9,40.6,108.7
52,2015-02-09,,Los Angeles Kings,3,4,L,26,7,0,,0,44,7,0.0,,0.0,44,62,41.5,34,53,39.1,34,23,59.6,36.6,102.4
53,2015-02-13,,Philadelphia Flyers,4,3,W,33,6,0,,0,25,2,1.0,,0.0,60,42,58.8,41,30,57.7,16,25,39.0,50.3,103.3
54,2015-02-14,1.0,New York Islanders,3,6,L,37,15,0,,0,46,15,0.0,,0.0,49,58,45.8,34,43,44.2,22,23,48.9,46.4,94.9
55,2015-02-17,1.0,Philadelphia Flyers,5,2,W,25,4,1,,0,44,2,0.0,,0.0,35,71,33.0,31,53,36.9,21,30,41.2,18.8,111.8
56,2015-02-19,1.0,Pittsburgh Penguins,2,1,W,30,11,0,,1,30,15,0.0,,0.0,37,48,43.5,27,35,43.5,22,20,52.4,47.5,101.6
57,2015-02-21,1.0,Montreal Canadiens,1,3,L,32,16,0,,0,24,18,1.0,,1.0,53,42,55.8,33,24,57.9,23,21,52.3,64.3,98.6
58,2015-02-22,1.0,New York Rangers,3,4,L,30,8,0,,0,37,6,0.0,,0.0,44,45,49.4,33,35,48.5,25,26,49.0,45.3,99.5
59,2015-02-24,,Buffalo Sabres,2,4,L,47,8,0,,0,31,10,1.0,,1.0,67,30,69.1,49,26,65.3,30,20,60.0,63.2,95.0
60,2015-02-26,,Montreal Canadiens,2,5,L,27,4,0,,0,27,4,0.0,,0.0,44,43,50.6,32,32,50.0,21,22,48.8,66.7,88.3
61,2015-02-28,,New Jersey Devils,0,2,L,33,13,0,,0,19,11,0.0,,0.0,44,37,54.3,34,23,59.6,23,13,63.9,52.0,87.5
62,2015-03-01,1.0,Pittsburgh Penguins,3,5,L,25,27,1,,1,41,8,3.0,,0.0,33,46,41.8,23,32,41.8,23,25,47.9,37.0,98.1
63,2015-03-03,,Washington Capitals,3,5,L,30,40,1,,0,33,40,1.0,,0.0,42,36,53.8,29,32,47.5,28,25,52.8,73.1,93.7
64,2015-03-06,1.0,New Jersey Devils,3,2,W,24,15,0,,0,23,9,1.0,,0.0,41,47,46.6,32,34,48.5,32,20,61.5,46.0,109.7
65,2015-03-07,,Colorado Avalanche,0,4,L,44,12,0,,0,33,4,2.0,,0.0,58,25,69.9,46,21,68.7,21,28,42.9,61.4,89.5
66,2015-03-10,1.0,Carolina Hurricanes,4,3,W,32,6,3,,0,32,10,2.0,,0.0,51,53,49.0,39,39,50.0,23,33,41.1,55.1,96.0
67,2015-03-12,1.0,Detroit Red Wings,3,1,W,26,17,1,,0,42,11,1.0,,0.0,40,57,41.2,29,46,38.7,23,28,45.1,40.8,109.1
68,2015-03-13,,Edmonton Oilers,5,4,W,31,15,1,,0,35,13,3.0,,0.0,46,45,50.5,35,36,49.3,28,21,57.1,30.8,109.1
69,2015-03-15,,Carolina Hurricanes,2,3,L,24,12,1,,0,27,6,1.0,,0.0,41,35,53.9,30,29,50.8,18,24,42.9,36.7,95.2
70,2015-03-18,1.0,Edmonton Oilers,4,3,W,20,14,0,,0,47,4,1.0,,0.0,32,54,37.2,23,48,32.4,32,22,59.3,38.1,111.8
71,2015-03-19,1.0,Vancouver Canucks,6,2,W,33,9,1,,0,40,7,0.0,,0.0,50,65,43.5,36,51,41.4,33,23,58.9,48.8,111.3
72,2015-03-21,1.0,Calgary Flames,3,2,W,26,21,0,,0,40,11,1.0,,0.0,50,57,46.7,35,43,44.9,42,27,60.9,30.1,108.8
73,2015-03-24,,Anaheim Ducks,5,3,W,27,22,1,,0,40,18,1.0,,0.0,29,55,34.5,25,46,35.2,32,25,56.1,36.2,110.7
74,2015-03-27,1.0,Chicago Blackhawks,5,2,W,27,10,0,,1,33,2,0.0,,0.0,33,41,44.6,26,31,45.6,14,29,32.6,44.4,109.7
75,2015-03-28,1.0,St. Louis Blues,4,2,W,17,10,1,,0,31,4,1.0,,0.0,22,42,34.4,18,28,39.1,27,22,55.1,46.7,116.7
76,2015-03-31,,New Jersey Devils,3,2,W,31,4,1,,0,26,8,1.0,,1.0,41,25,62.1,32,24,57.1,22,13,62.9,54.5,104.2
77,2015-04-02,,New York Islanders,4,3,W,39,4,0,,0,28,4,0.0,,0.0,55,41,57.3,40,32,55.6,25,27,48.1,60.0,96.3
78,2015-04-04,,Pittsburgh Penguins,5,3,W,35,6,0,,0,36,4,0.0,,0.0,46,39,54.1,37,34,52.1,31,24,56.4,40.6,106.5
79,2015-04-06,1.0,New York Rangers,3,4,L,32,6,0,,0,42,6,0.0,,0.0,54,53,50.5,42,39,51.9,23,30,43.4,46.6,98.6
80,2015-04-08,,Toronto Maple Leafs,5,0,W,33,6,1,,0,35,4,,,,42,42,50.0,36,34,51.4,24,22,52.2,38.2,113.8
81,2015-04-10,,Buffalo Sabres,4,2,W,40,6,0,,0,25,2,1.0,,0.0,59,34,63.4,48,29,62.3,33,22,60.0,34.4,106.2
82,2015-04-11,1.0,New York Islanders,5,4,W,37,17,1,,0,52,17,0.0,,0.0,61,79,43.6,47,60,43.9,27,30,47.4,56.7,100.4
1,2015-10-09,,New York Rangers,2,4,L,33,6,1,5.0,0,25,12,0.0,2.0,0.0,43,31,58.1,32,24,57.1,30,25,54.5,46.7,84.2
2,2015-10-10,1.0,New York Rangers,2,5,L,39,6,1,5.0,0,29,12,1.0,2.0,0.0,55,33,62.5,44,29,60.3,21,25,45.7,58.3,86.6
3,2015-10-12,1.0,Buffalo Sabres,2,4,L,24,19,2,3.0,0,33,11,3.0,7.0,0.0,30,38,44.1,24,29,45.3,18,17,51.4,31.6,95.2
4,2015-10-14,,Ottawa Senators,3,7,L,41,11,1,4.0,0,27,15,1.0,3.0,0.0,49,40,55.1,38,33,53.5,29,27,51.8,52.6,80.4
5,2015-10-16,,Toronto Maple Leafs,3,6,L,27,4,1,4.0,0,34,10,0.0,1.0,0.0,41,51,44.6,31,43,41.9,26,39,40.0,42.9,90.2
6,2015-10-17,1.0,Chicago Blackhawks,1,4,L,23,19,0,2.0,0,30,13,2.0,5.0,0.0,34,50,40.5,24,31,43.6,15,22,40.5,34.6,96.9
7,2015-10-20,,New York Islanders,0,4,L,37,11,0,6.0,0,29,21,0.0,1.0,0.0,57,37,60.6,36,31,53.7,21,17,55.3,45.0,81.8
8,2015-10-22,1.0,Minnesota Wild,2,3,L,29,4,1,2.0,0,23,4,1.0,2.0,0.0,48,42,53.3,37,28,56.9,30,34,46.9,59.6,93.5
9,2015-10-24,1.0,Colorado Avalanche,4,3,W,36,17,1,5.0,0,34,15,1.0,6.0,0.0,49,38,56.3,43,31,58.1,19,25,43.2,50.6,101.7
10,2015-10-27,1.0,New Jersey Devils,3,1,W,14,10,0,3.0,0,24,8,1.0,4.0,0.0,22,31,41.5,17,28,37.8,15,19,44.1,31.6,123.1
11,2015-10-30,1.0,Washington Capitals,1,2,L,30,4,0,3.0,0,28,6,0.0,2.0,0.0,38,44,46.3,32,34,48.5,21,23,47.7,41.4,95.8
12,2015-10-31,,Winnipeg Jets,2,3,L,21,11,0,5.0,0,27,15,1.0,3.0,0.0,35,42,45.5,24,30,44.4,22,28,44.0,37.8,103.1
13,2015-11-03,1.0,San Jose Sharks,5,2,W,24,11,1,2.0,0,43,9,0.0,4.0,0.0,36,64,36.0,22,49,31.0,17,38,30.9,48.6,116.2
14,2015-11-05,1.0,Los Angeles Kings,3,2,W,25,26,1,4.0,0,33,26,1.0,4.0,0.0,33,48,40.7,27,38,41.5,22,30,42.3,32.6,106.0
15,2015-11-06,1.0,Anaheim Ducks,2,4,L,36,10,0,2.0,0,34,8,1.0,3.0,0.0,40,47,46.0,35,38,47.9,17,29,37.0,55.1,96.2
16,2015-11-10,,Vancouver Canucks,3,5,L,45,8,2,3.0,1,30,6,0.0,3.0,0.0,58,39,59.8,41,29,58.6,29,25,53.7,56.0,80.8
17,2015-11-13,1.0,Pittsburgh Penguins,2,1,W,28,12,1,4.0,0,29,8,0.0,6.0,0.0,37,41,47.4,28,29,49.1,36,26,58.1,38.9,100.4
18,2015-11-14,,Arizona Coyotes,5,2,W,21,30,2,4.0,0,29,38,0.0,5.0,0.0,21,46,31.3,19,35,35.2,25,30,45.5,26.7,114.7
19,2015-11-17,,St. Louis Blues,3,1,W,38,4,0,4.0,0,20,8,0.0,2.0,0.0,50,35,58.8,38,24,61.3,23,20,53.5,55.2,103.4
20,2015-11-19,1.0,Ottawa Senators,0,3,L,25,32,0,3.0,0,29,17,1.0,5.0,0.0,41,45,47.7,29,29,50.0,20,26,43.5,57.6,90.5
21,2015-11-20,,Nashville Predators,4,0,W,18,6,0,1.0,0,39,2,,3.0,,26,77,25.2,19,54,26.0,19,26,42.2,30.0,130.8
22,2015-11-22,,San Jose Sharks,3,5,L,31,30,0,3.0,0,29,16,1.0,5.0,0.0,43,51,45.7,30,33,47.6,24,32,42.9,48.2,93.7
23,2015-11-25,1.0,New Jersey Devils,2,1,W,25,12,0,2.0,0,28,6,0.0,5.0,0.0,27,34,44.3,24,31,43.6,19,20,48.7,50.4,104.3
24,2015-11-27,,Pittsburgh Penguins,2,1,W,43,17,0,4.0,0,25,17,1.0,4.0,0.0,47,36,56.6,43,28,60.6,27,22,55.1,51.2,105.4
25,2015-11-28,1.0,St. Louis Blues,1,3,L,24,6,0,1.0,0,32,2,1.0,3.0,0.0,37,57,39.4,28,40,41.2,15,30,33.3,37.9,97.9
26,2015-12-01,1.0,Montreal Canadiens,1,2,L,23,13,0,1.0,0,26,20,1.0,4.0,0.0,43,45,48.9,29,32,47.5,28,19,59.6,45.2,99.8
27,2015-12-04,,Florida Panthers,1,2,L,23,2,0,4.0,0,32,8,0.0,2.0,0.0,39,44,47.0,29,32,47.5,34,18,65.4,54.3,101.7
28,2015-12-05,1.0,Philadelphia Flyers,4,1,W,34,9,1,3.0,0,28,11,0.0,2.0,0.0,57,46,55.3,40,32,55.6,29,24,54.7,54.8,106.9
29,2015-12-08,,Los Angeles Kings,2,3,L,23,6,1,2.0,0,41,4,0.0,3.0,0.0,38,73,34.2,29,49,37.2,32,25,56.1,32.0,95.5
30,2015-12-10,1.0,Winnipeg Jets,4,6,L,29,23,1,4.0,0,35,15,1.0,3.0,0.0,41,49,45.6,31,42,42.5,27,19,58.7,55.6,98.9
31,2015-12-12,,New York Islanders,2,3,L,30,6,0,0.0,0,19,0,1.0,3.0,0.0,57,36,61.3,44,25,63.8,23,19,54.8,42.9,93.3
32,2015-12-14,,Tampa Bay Lightning,1,2,L,26,7,0,2.0,0,29,9,0.0,2.0,1.0,49,50,49.5,34,33,50.7,26,20,56.5,34.5,100.5
33,2015-12-15,1.0,Dallas Stars,1,5,L,35,23,1,2.0,0,34,21,0.0,3.0,0.0,52,56,48.1,39,50,43.8,26,32,44.8,48.5,84.8
34,2015-12-17,1.0,Arizona Coyotes,7,5,W,21,11,0,1.0,0,32,7,1.0,3.0,0.0,34,54,38.6,28,35,44.4,25,26,49.0,33.3,117.6
35,2015-12-19,,Philadelphia Flyers,3,2,W,37,13,1,6.0,0,32,31,0.0,2.0,0.0,41,56,42.3,35,36,49.3,22,17,56.4,41.4,92.6
36,2015-12-21,1.0,Pittsburgh Penguins,2,5,L,24,20,0,3.0,0,35,16,2.0,4.0,0.0,32,54,37.2,25,43,36.8,17,32,34.7,51.6,99.1
37,2015-12-26,1.0,Tampa Bay Lightning,2,5,L,32,32,0,3.0,0,25,13,3.0,8.0,0.0,43,40,51.8,35,26,57.4,28,20,58.3,56.5,96.6
38,2015-12-27,1.0,Florida Panthers,2,3,L,17,17,1,4.0,0,32,13,0.0,6.0,0.0,27,34,44.3,20,25,44.4,15,20,42.9,50.0,91.7
39,2015-12-29,,Dallas Stars,6,3,W,33,8,0,2.0,0,43,6,0.0,3.0,0.0,59,57,50.9,44,45,49.4,32,30,51.6,43.7,110.2
40,2016-01-02,,Washington Capitals,5,4,W,29,12,2,3.0,0,33,6,2.0,6.0,0.0,52,45,53.6,40,30,57.1,27,23,54.0,51.6,95.6
41,2016-01-05,,Minnesota Wild,2,4,L,31,6,0,1.0,0,33,4,0.0,2.0,0.0,66,55,54.5,43,41,51.2,25,25,50.0,45.1,93.3
42,2016-01-08,1.0,Carolina Hurricanes,1,4,L,36,13,1,5.0,0,29,15,1.0,4.0,0.0,46,43,51.7,34,29,54.0,24,36,40.0,50.0,84.2
43,2016-01-09,,Carolina Hurricanes,3,4,L,24,13,0,2.0,1,30,9,1.0,4.0,0.0,48,43,52.7,29,28,50.9,29,29,50.0,46.4,95.5
44,2016-01-12,1.0,New York Islanders,2,5,L,20,16,0,6.0,0,33,16,1.0,8.0,0.0,33,43,43.4,20,30,40.0,14,21,40.0,32.5,99.4
45,2016-01-13,1.0,Toronto Maple Leafs,3,1,W,22,6,1,2.0,0,42,4,0.0,3.0,0.0,46,82,35.9,38,63,37.6,21,31,40.4,20.5,107.5
46,2016-01-16,,Colorado Avalanche,2,1,W,21,4,0,3.0,0,30,6,0.0,3.0,0.0,41,43,48.8,32,33,49.2,25,21,54.3,43.2,107.1
47,2016-01-19,,Washington Capitals,3,6,L,35,11,1,3.0,0,28,13,2.0,2.0,0.0,55,44,55.6,36,28,56.3,30,25,54.5,41.7,89.8
48,2016-01-21,,Calgary Flames,2,4,L,29,2,0,1.0,0,27,4,0.0,0.0,0.0,58,53,52.3,42,39,51.9,22,21,51.2,65.1,92.0
49,2016-01-23,1.0,Boston Bruins,2,3,L,33,8,0,4.0,0,34,8,0.0,5.0,0.0,45,42,51.7,35,29,54.7,27,24,52.9,66.7,98.9
50,2016-01-25,,Montreal Canadiens,5,2,W,25,6,0,2.0,0,34,4,1.0,3.0,0.0,44,55,44.4,33,42,44.0,22,31,41.5,35.1,120.7
51,2016-01-26,1.0,Montreal Canadiens,5,2,W,26,12,2,3.0,0,30,6,1.0,6.0,0.0,42,53,44.2,28,29,49.1,25,29,46.3,64.5,108.3
52,2016-02-02,1.0,Edmonton Oilers,1,5,L,37,10,0,5.0,0,35,14,2.0,3.0,0.0,55,44,55.6,40,35,53.3,18,37,32.7,53.1,91.6
53,2016-02-04,1.0,Vancouver Canucks,2,1,W,28,6,1,3.0,0,38,4,1.0,3.0,0.0,50,54,48.1,36,40,47.4,24,25,49.0,46.4,100.0
54,2016-02-05,1.0,Calgary Flames,2,1,W,18,4,0,0.0,0,31,2,0.0,1.0,0.0,34,69,33.0,25,43,36.8,32,36,47.1,31.8,107.8
55,2016-02-09,,New York Islanders,2,3,L,31,4,0,1.0,0,46,2,1.0,2.0,0.0,57,75,43.2,36,52,40.9,37,43,46.3,37.5,104.9
56,2016-02-11,,Anaheim Ducks,4,3,W,34,9,1,4.0,0,27,13,0.0,2.0,0.0,55,40,57.9,36,30,54.5,15,21,41.7,80.0,93.9
57,2016-02-13,,Ottawa Senators,4,2,W,40,15,0,2.0,0,35,13,1.0,3.0,0.0,60,60,50.0,49,41,54.4,33,25,56.9,39.5,107.8
58,2016-02-16,,Boston Bruins,1,2,L,29,8,0,3.0,0,30,6,0.0,4.0,0.0,44,48,47.8,34,38,47.2,26,31,45.6,52.7,92.0
59,2016-02-19,,Buffalo Sabres,0,4,L,38,28,0,6.0,0,35,16,1.0,5.0,1.0,52,38,57.8,39,30,56.5,23,16,59.0,50.0,92.3
60,2016-02-22,1.0,Boston Bruins,6,4,W,35,9,2,3.0,0,30,21,0.0,2.0,0.0,56,51,52.3,44,39,53.0,21,40,34.4,52.9,97.9
61,2016-02-23,1.0,Detroit Red Wings,1,2,L,29,2,0,3.0,0,28,6,0.0,1.0,1.0,36,47,43.4,32,38,45.7,25,18,58.1,27.1,103.8
62,2016-02-25,,New Jersey Devils,6,1,W,24,13,1,2.0,0,26,9,0.0,4.0,0.0,39,38,50.6,32,24,57.1,25,12,67.6,55.0,116.8
63,2016-02-27,,Florida Panthers,4,3,W,25,17,1,4.0,0,31,13,1.0,6.0,0.0,43,48,47.3,32,36,47.1,20,26,43.5,56.2,101.0
64,2016-02-29,1.0,New York Rangers,1,2,L,27,7,0,1.0,0,23,7,0.0,1.0,1.0,57,44,56.4,35,29,54.7,31,30,50.8,62.2,98.7
65,2016-03-04,,Edmonton Oilers,6,3,W,27,16,1,3.0,0,36,16,1.0,3.0,0.0,41,72,36.3,34,48,41.5,18,31,36.7,29.6,117.6
66,2016-03-05,1.0,Philadelphia Flyers,0,6,L,19,24,0,2.0,0,36,20,0.0,4.0,0.0,34,54,38.6,20,39,33.9,20,16,55.6,35.3,80.0
67,2016-03-08,,Detroit Red Wings,5,3,W,32,19,2,5.0,0,35,19,1.0,5.0,0.0,39,52,42.9,29,39,42.6,21,24,46.7,46.6,105.6
68,2016-03-11,,Pittsburgh Penguins,2,3,L,27,10,0,2.0,0,31,8,1.0,3.0,0.0,42,55,43.3,30,43,41.1,30,24,55.6,64.1,100.3
69,2016-03-13,,Tampa Bay Lightning,0,4,L,37,32,0,5.0,0,37,14,0.0,3.0,2.0,43,40,51.8,35,31,53.0,20,24,45.5,59.5,92.9
70,2016-03-17,,Detroit Red Wings,1,3,L,28,6,1,3.0,0,22,6,0.0,3.0,0.0,45,38,54.2,30,24,55.6,21,27,43.8,62.5,84.2
71,2016-03-19,,New Jersey Devils,6,3,W,34,8,1,4.0,0,30,8,2.0,4.0,0.0,58,45,56.3,45,32,58.4,37,26,58.7,65.9,112.7
72,2016-03-20,1.0,New Jersey Devils,1,2,L,28,6,0,3.0,0,22,6,0.0,3.0,0.0,36,35,50.7,27,26,50.9,29,21,58.0,61.8,93.0
73,2016-03-22,,Philadelphia Flyers,3,2,W,53,23,0,4.0,1,33,10,1.0,5.0,0.0,63,46,57.8,47,33,58.8,28,28,50.0,47.6,97.9
74,2016-03-24,,Carolina Hurricanes,2,3,L,44,11,0,3.0,0,24,11,0.0,1.0,0.0,77,40,65.8,59,31,65.6,37,25,59.7,63.9,89.8
75,2016-03-26,1.0,Nashville Predators,1,5,L,19,8,0,1.0,0,48,4,1.0,3.0,0.0,32,66,32.7,25,53,32.1,33,18,64.7,22.9,96.0
76,2016-03-28,1.0,Washington Capitals,1,4,L,22,10,0,3.0,0,40,6,1.0,5.0,0.0,41,52,44.1,26,37,41.3,22,26,45.8,51.0,95.7
77,2016-03-31,1.0,New York Islanders,3,4,L,24,11,1,3.0,0,27,13,1.0,2.0,0.0,48,43,52.7,29,31,48.3,16,24,40.0,50.0,97.0
78,2016-04-02,1.0,Carolina Hurricanes,5,1,W,27,6,1,4.0,0,27,10,0.0,2.0,0.0,34,49,41.0,27,37,42.2,19,29,39.6,53.3,117.1
79,2016-04-04,,New York Rangers,2,4,L,29,2,0,4.0,0,30,8,0.0,1.0,1.0,50,53,48.5,36,39,48.0,22,24,47.8,60.6,95.8
80,2016-04-06,1.0,Toronto Maple Leafs,5,1,W,32,4,0,2.0,0,27,4,0.0,2.0,1.0,55,51,51.9,44,34,56.4,24,26,48.0,51.5,116.7
81,2016-04-08,1.0,Buffalo Sabres,4,1,W,30,8,1,2.0,0,35,4,1.0,4.0,0.0,47,58,44.8,34,46,42.5,24,22,52.2,44.8,111.1
82,2016-04-09,,Chicago Blackhawks,5,4,W,25,20,1,2.0,0,26,4,1.0,5.0,0.0,32,31,50.8,26,22,54.2,25,22,53.2,47.8,102.4
1,2016-10-13,,Boston Bruins,3,6,L,31,6,1,3.0,0,37,8,0.0,2.0,0.0,54,50,51.9,31,37,45.6,26,30,46.4,47.1,87.7
2,2016-10-15,,San Jose Sharks,2,3,L,28,10,1,2.0,0,38,4,1.0,5.0,0.0,51,40,56.0,37,30,55.2,23,21,52.3,70.4,96.2
3,2016-10-21,,Chicago Blackhawks,3,2,W,28,8,2,2.0,0,34,4,0.0,4.0,0.0,45,54,45.5,36,39,48.0,24,24,50.0,44.8,96.0
4,2016-10-22,1.0,Dallas Stars,3,0,W,26,15,0,2.0,0,32,9,,5.0,,58,51,53.2,41,42,49.4,18,34,34.6,56.7,112.0
5,2016-10-25,1.0,Los Angeles Kings,2,3,L,21,2,1,1.0,0,30,2,0.0,1.0,0.0,38,64,37.3,30,44,40.5,23,27,46.0,41.6,95.3
6,2016-10-27,1.0,San Jose Sharks,1,3,L,25,4,0,3.0,0,29,6,2.0,2.0,0.0,43,56,43.4,28,41,40.6,24,20,54.5,34.6,100.9
7,2016-10-28,1.0,Anaheim Ducks,4,0,W,37,15,1,5.0,0,35,17,,4.0,,42,47,47.2,37,42,46.8,19,25,43.2,46.9,110.3
8,2016-11-01,,Dallas Stars,3,2,W,28,13,1,2.0,0,38,9,0.0,4.0,0.0,52,60,46.4,36,44,45.0,30,22,57.7,51.4,101.9
9,2016-11-04,,Montreal Canadiens,10,0,W,40,4,4,5.0,0,30,12,,1.0,,47,54,46.5,38,37,50.7,33,38,46.5,50.9,120.0
10,2016-11-05,1.0,St. Louis Blues,1,2,L,21,15,0,3.0,0,30,13,0.0,4.0,0.0,31,44,41.3,21,34,38.2,20,23,46.5,33.7,97.9
11,2016-11-09,,Anaheim Ducks,3,2,W,18,6,0,3.0,0,32,6,0.0,3.0,0.0,32,40,44.4,20,28,41.7,21,31,40.4,45.5,111.3
12,2016-11-10,1.0,Boston Bruins,2,5,L,17,4,0,3.0,0,32,4,0.0,2.0,0.0,37,45,45.1,27,37,42.2,15,32,31.9,64.0,95.5
13,2016-11-12,,St. Louis Blues,8,4,W,30,18,1,2.0,0,37,12,4.0,5.0,0.0,43,51,45.7,31,39,44.3,27,22,55.1,49.0,126.9
14,2016-11-15,,Washington Capitals,2,1,W,27,4,0,3.0,0,22,6,0.0,2.0,0.0,48,45,51.6,36,28,56.3,25,22,53.2,44.8,103.5
15,2016-11-18,,New York Rangers,4,2,W,24,4,0,2.0,1,27,4,0.0,2.0,0.0,48,45,51.6,35,36,49.3,30,20,60.0,50.0,105.0
16,2016-11-20,1.0,Washington Capitals,3,2,W,23,6,2,3.0,0,21,10,1.0,1.0,0.0,46,42,52.3,31,28,52.5,26,26,50.0,34.2,100.0
17,2016-11-21,,Colorado Avalanche,2,3,L,42,2,0,1.0,0,27,2,0.0,1.0,0.0,91,46,66.4,63,34,64.9,31,29,51.7,71.2,92.8
18,2016-11-23,,Calgary Flames,0,2,L,34,6,0,4.0,0,20,8,1.0,3.0,0.0,48,37,56.5,33,26,55.9,18,20,47.4,72.0,93.3
19,2016-11-25,1.0,Tampa Bay Lightning,5,3,W,38,6,1,2.0,1,28,8,0.0,1.0,0.0,55,50,52.4,43,43,50.0,28,30,48.3,48.5,97.9
20,2016-11-26,1.0,Florida Panthers,1,2,L,37,4,0,2.0,0,23,4,0.0,2.0,0.0,54,53,50.5,42,32,56.8,20,34,37.0,44.2,98.0
21,2016-11-29,,Tampa Bay Lightning,5,1,W,38,2,0,1.0,0,27,2,0.0,1.0,0.0,53,51,51.0,44,36,55.0,25,31,44.6,63.2,111.5
22,2016-12-01,1.0,Colorado Avalanche,3,2,W,37,13,0,4.0,0,20,15,1.0,3.0,0.0,50,35,58.8,43,22,66.2,11,30,26.8,69.3,102.9
23,2016-12-03,1.0,Arizona Coyotes,3,2,W,60,14,0,5.0,0,34,16,1.0,5.0,0.0,78,52,60.0,63,37,63.0,28,32,46.7,65.9,100.7
24,2016-12-05,,Arizona Coyotes,4,1,W,34,6,2,6.0,0,18,16,1.0,1.0,0.0,46,33,58.2,38,26,59.4,30,12,71.4,64.7,107.7
25,2016-12-09,1.0,Detroit Red Wings,4,1,W,25,11,0,0.0,1,33,5,1.0,3.0,0.0,41,55,42.7,31,38,44.9,21,39,35.0,27.0,113.0
26,2016-12-10,,New York Islanders,6,2,W,39,9,1,4.0,0,30,13,0.0,3.0,0.0,54,45,54.5,44,35,55.7,27,22,55.1,57.8,106.5
27,2016-12-13,1.0,Edmonton Oilers,3,1,W,31,8,2,5.0,0,34,10,0.0,4.0,0.0,43,38,53.1,29,28,50.9,16,24,40.0,56.0,100.0
28,2016-12-16,1.0,Calgary Flames,4,1,W,29,15,1,3.0,1,23,13,1.0,5.0,0.0,43,40,51.8,33,23,58.9,21,18,53.8,51.9,107.7
29,2016-12-18,1.0,Vancouver Canucks,4,3,W,25,8,2,2.0,0,17,4,1.0,4.0,0.0,36,41,46.8,28,27,50.9,17,27,38.6,61.5,95.2
30,2016-12-20,,Los Angeles Kings,3,2,W,27,9,0,2.0,0,46,9,1.0,2.0,0.0,50,66,43.1,38,53,41.8,28,28,50.0,43.1,106.3
31,2016-12-22,,Pittsburgh Penguins,7,1,W,28,15,1,4.0,0,26,17,0.0,3.0,0.0,45,37,54.9,33,25,56.9,33,19,63.5,45.1,120.8
32,2016-12-23,,Montreal Canadiens,2,1,W,24,4,1,4.0,0,37,6,0.0,2.0,0.0,30,57,34.5,24,43,35.8,25,29,46.3,40.5,103.0
33,2016-12-27,,Boston Bruins,4,3,W,22,8,1,3.0,0,40,8,0.0,3.0,0.0,41,64,39.0,30,48,38.5,25,30,45.5,37.7,108.3
34,2016-12-29,1.0,Winnipeg Jets,5,3,W,35,12,2,4.0,0,34,12,2.0,4.0,0.0,50,41,54.9,37,34,52.1,21,30,41.2,52.2,106.3
35,2016-12-31,1.0,Minnesota Wild,4,2,W,25,28,0,2.0,0,31,26,1.0,3.0,0.0,39,46,45.9,31,37,45.6,25,30,45.5,46.9,114.3
36,2017-01-03,,Edmonton Oilers,3,1,W,35,9,2,4.0,0,22,13,0.0,3.0,0.0,39,35,52.7,28,28,50.0,22,23,48.9,53.5,99.6
37,2017-01-05,1.0,Washington Capitals,0,5,L,29,10,0,5.0,0,27,12,0.0,4.0,0.0,41,40,50.6,35,31,53.0,24,21,53.3,52.4,76.2
38,2017-01-07,,New York Rangers,4,5,L,37,6,1,3.0,0,34,8,1.0,2.0,0.0,53,52,50.5,44,37,54.3,25,27,48.1,48.3,95.8
39,2017-01-08,,Philadelphia Flyers,2,1,W,25,7,0,2.0,0,26,7,0.0,1.0,0.0,48,55,46.6,29,39,42.6,23,21,52.3,50.7,104.5
40,2017-01-10,1.0,Carolina Hurricanes,3,5,L,27,4,0,4.0,0,28,8,0.0,2.0,0.0,56,49,53.3,40,40,50.0,31,26,54.4,53.3,93.7
41,2017-01-13,1.0,Tampa Bay Lightning,3,1,W,31,11,1,4.0,1,32,11,0.0,3.0,0.0,38,59,39.2,31,43,41.9,27,29,48.2,45.6,101.3
42,2017-01-14,1.0,Florida Panthers,3,4,L,33,10,1,3.0,0,32,10,0.0,3.0,0.0,51,42,54.8,38,34,52.8,24,34,41.4,44.7,93.1
43,2017-01-17,,Carolina Hurricanes,4,1,W,36,4,0,4.0,0,25,6,0.0,2.0,0.0,52,45,53.6,42,32,56.8,31,26,54.4,43.0,107.3
44,2017-01-19,,Ottawa Senators,0,2,L,42,22,0,3.0,0,28,10,0.0,4.0,0.0,68,49,58.1,48,33,59.3,23,31,42.6,66.7,91.7
45,2017-01-21,,Carolina Hurricanes,3,2,W,20,12,0,2.0,0,37,4,1.0,6.0,0.0,33,45,42.3,24,36,40.0,26,20,56.5,14.0,114.4
46,2017-01-22,1.0,Ottawa Senators,7,6,W,29,8,2,4.0,0,34,10,1.0,3.0,0.0,40,50,44.4,32,37,46.4,26,37,41.3,48.6,100.8
47,2017-01-24,1.0,New York Islanders,2,4,L,23,7,0,0.0,0,29,5,0.0,1.0,0.0,50,42,54.3,34,31,52.3,32,31,50.8,36.8,92.0
48,2017-01-26,1.0,Nashville Predators,3,4,L,33,8,0,2.0,0,32,6,1.0,3.0,0.0,49,48,50.5,39,36,52.0,24,36,40.0,39.2,98.5
49,2017-01-31,1.0,New York Rangers,6,4,W,26,6,0,0.0,0,37,4,0.0,1.0,0.0,42,62,40.4,29,53,35.4,32,38,45.7,29.0,110.6
50,2017-02-03,1.0,Pittsburgh Penguins,3,4,L,31,4,0,0.0,0,33,2,1.0,1.0,0.0,55,55,50.0,33,40,45.2,24,28,46.2,43.0,100.0
51,2017-02-04,,New Jersey Devils,1,5,L,32,21,0,2.0,1,30,11,1.0,2.0,0.0,55,37,59.8,41,32,56.2,28,27,50.9,73.0,82.6
52,2017-02-07,1.0,Detroit Red Wings,3,2,W,27,13,0,2.0,0,26,13,1.0,2.0,0.0,50,38,56.8,39,33,54.2,19,25,43.2,34.5,107.8
53,2017-02-09,,Vancouver Canucks,0,3,L,33,8,0,2.0,0,24,8,1.0,2.0,0.0,56,46,54.9,41,30,57.7,28,26,51.9,65.2,90.5
54,2017-02-11,,Detroit Red Wings,2,1,W,39,8,0,2.0,0,36,4,1.0,4.0,0.0,58,53,52.3,46,43,51.7,28,24,53.8,47.2,105.9
55,2017-02-13,,New York Rangers,2,3,L,32,10,0,4.0,0,23,8,0.0,5.0,1.0,49,38,56.3,34,29,54.0,21,19,52.5,57.5,93.3
56,2017-02-15,,Toronto Maple Leafs,5,2,W,35,6,1,4.0,0,33,8,0.0,2.0,0.0,40,53,43.0,32,36,47.1,22,22,50.0,31.2,107.1
57,2017-02-17,,Pittsburgh Penguins,2,1,W,39,2,0,3.0,0,39,6,0.0,1.0,0.0,64,61,51.2,51,46,52.6,39,22,63.9,48.9,102.5
58,2017-02-19,,Nashville Predators,3,4,L,38,0,0,1.0,0,32,4,0.0,0.0,0.0,67,55,54.9,49,42,53.8,34,33,50.7,51.0,96.3
59,2017-02-25,,New York Islanders,7,0,W,45,0,0,2.0,0,24,2,,0.0,,65,43,60.2,52,33,61.2,23,25,47.9,60.0,116.3
60,2017-02-26,1.0,New York Rangers,5,2,W,26,4,1,2.0,0,30,4,0.0,2.0,0.0,41,53,43.6,27,36,42.9,29,27,51.8,33.3,111.0
61,2017-02-28,1.0,Montreal Canadiens,0,1,L,26,8,0,2.0,0,30,4,1.0,4.0,0.0,48,55,46.6,35,33,51.5,35,19,64.8,44.5,100.0
62,2017-03-02,,Minnesota Wild,1,0,W,40,8,0,4.0,0,38,8,,4.0,,47,49,49.0,39,38,50.6,24,22,52.2,45.7,103.1
63,2017-03-04,1.0,Ottawa Senators,2,3,L,27,11,1,4.0,0,27,27,0.0,1.0,1.0,49,47,51.0,29,31,48.3,19,25,43.2,54.1,95.7
64,2017-03-05,1.0,New Jersey Devils,3,0,W,22,4,0,1.0,0,20,2,,3.0,,32,37,46.4,30,30,50.0,17,22,43.6,63.0,113.6
65,2017-03-07,,New Jersey Devils,2,0,W,25,2,0,2.0,0,33,4,,1.0,,49,50,49.5,34,40,45.9,29,29,50.0,64.3,109.1
66,2017-03-10,,Buffalo Sabres,4,3,W,39,2,2,3.0,0,32,6,0.0,1.0,0.0,47,43,52.2,32,32,50.0,30,29,50.8,44.7,97.3
67,2017-03-11,1.0,Buffalo Sabres,3,5,L,36,28,0,3.0,0,31,34,2.0,5.0,0.0,45,44,50.6,34,37,47.9,20,26,43.5,43.5,96.1
68,2017-03-13,1.0,Philadelphia Flyers,5,3,W,29,20,1,2.0,0,26,8,1.0,8.0,0.0,40,33,54.8,31,23,57.4,21,24,46.7,62.2,102.1
69,2017-03-16,,Florida Panthers,2,1,W,34,4,0,3.0,0,34,4,0.0,2.0,0.0,39,51,43.3,33,38,46.5,30,17,63.8,50.0,103.8
70,2017-03-18,1.0,New York Islanders,3,2,W,38,9,0,0.0,0,22,7,0.0,1.0,0.0,53,54,49.5,45,37,54.9,31,21,59.6,50.2,99.0
71,2017-03-19,1.0,New Jersey Devils,4,1,W,27,6,0,1.0,2,36,2,1.0,3.0,0.0,38,58,39.6,32,43,42.7,25,33,43.1,42.9,104.5
72,2017-03-22,,Toronto Maple Leafs,2,5,L,34,6,0,1.0,0,32,15,1.0,3.0,0.0,62,47,56.9,42,37,53.2,20,31,39.2,59.4,91.2
73,2017-03-23,1.0,Washington Capitals,1,2,L,30,8,0,2.0,0,45,6,0.0,3.0,0.0,46,79,36.8,40,59,40.4,31,27,53.4,25.0,101.1
74,2017-03-25,,Philadelphia Flyers,1,0,W,21,15,0,2.0,0,36,13,,3.0,,36,45,44.4,25,32,43.9,25,20,55.6,53.2,105.0
75,2017-03-28,,Buffalo Sabres,3,1,W,29,4,0,3.0,0,42,6,1.0,2.0,0.0,44,56,44.0,33,45,42.3,29,22,56.9,25.6,111.1
76,2017-03-30,1.0,Carolina Hurricanes,1,2,L,24,6,0,1.0,0,31,4,0.0,2.0,0.0,47,53,47.0,34,40,45.9,26,23,53.1,42.1,96.7
77,2017-03-31,1.0,Chicago Blackhawks,1,3,L,33,8,0,4.0,0,24,10,1.0,3.0,0.0,45,36,55.6,29,23,55.8,25,10,71.4,51.8,94.8
78,2017-04-02,,Washington Capitals,2,3,L,37,10,0,2.0,0,30,10,0.0,2.0,0.0,64,42,60.4,48,30,61.5,19,29,39.6,61.6,94.6
79,2017-04-04,1.0,Pittsburgh Penguins,1,4,L,39,6,0,1.0,1,27,4,0.0,3.0,0.0,64,33,66.0,47,25,65.3,29,15,65.9,51.7,80.0
80,2017-04-06,,Winnipeg Jets,4,5,L,39,6,0,0.0,0,32,0,2.0,3.0,0.0,69,45,60.5,49,37,57.0,27,25,51.9,61.1,99.8
81,2017-04-08,1.0,Philadelphia Flyers,2,4,L,22,13,1,2.0,0,24,11,1.0,3.0,0.0,47,42,52.8,26,28,48.1,13,21,38.2,55.6,90.3
82,2017-04-09,1.0,Toronto Maple Leafs,3,2,W,32,8,0,2.0,1,32,4,0.0,4.0,0.0,39,58,40.2,36,44,45.0,19,28,40.4,46.9,99.7
1,2017-10-06,,New York Islanders,5,0,W,37,9,1,2.0,0,29,11,,1.0,,60,58,50.8,46,40,53.5,27,26,50.9,47.2,112.5
2,2017-10-07,1.0,Chicago Blackhawks,1,5,L,33,9,0,2.0,0,29,11,1.0,2.0,0.0,48,34,58.5,37,24,60.7,26,22,54.2,53.3,85.0
3,2017-10-10,1.0,Carolina Hurricanes,2,1,W,27,6,0,3.0,0,38,6,0.0,3.0,0.0,44,53,45.4,32,38,45.7,22,31,41.5,36.8,105.6
4,2017-10-13,,New York Rangers,3,1,W,43,10,0,3.0,0,38,8,0.0,4.0,0.0,62,41,60.2,50,31,61.7,27,25,51.9,63.3,104.3
5,2017-10-14,1.0,Minnesota Wild,5,4,W,35,6,0,3.0,0,21,6,2.0,3.0,0.0,49,29,62.8,37,20,64.9,21,40,34.4,52.9,100.9
6,2017-10-17,1.0,Winnipeg Jets,5,2,W,39,2,0,3.0,0,26,6,0.0,1.0,1.0,58,48,54.7,41,31,56.9,18,33,35.3,45.9,110.5
7,2017-10-19,,Tampa Bay Lightning,0,2,L,43,4,0,3.0,0,21,6,0.0,2.0,0.0,58,38,60.4,47,33,58.8,19,25,43.2,75.0,88.2
8,2017-10-21,,Los Angeles Kings,4,6,L,36,4,1,3.0,0,32,6,0.0,2.0,0.0,63,51,55.3,42,36,53.8,27,34,44.3,48.3,89.0
9,2017-10-25,,Buffalo Sabres,5,1,W,38,0,1,2.0,0,35,4,0.0,1.0,0.0,53,50,51.5,44,41,51.8,29,35,45.3,50.0,109.0
10,2017-10-27,,Winnipeg Jets,2,1,W,37,10,0,4.0,0,30,8,0.0,6.0,0.0,54,43,55.7,42,35,54.5,15,28,34.9,38.6,103.3
11,2017-10-28,1.0,St. Louis Blues,1,4,L,37,4,0,2.0,0,42,4,0.0,3.0,0.0,51,57,47.2,40,48,45.5,29,24,54.7,54.1,92.2
12,2017-10-30,,Boston Bruins,4,3,W,32,18,0,5.0,0,30,42,2.0,4.0,0.0,51,51,50.0,36,35,50.7,28,23,54.9,35.4,106.5
13,2017-11-02,1.0,Florida Panthers,7,3,W,40,6,2,4.0,0,34,12,0.0,1.0,1.0,62,51,54.9,52,44,54.2,19,32,37.3,61.8,107.6
14,2017-11-04,1.0,Tampa Bay Lightning,4,5,L,34,6,0,4.0,0,36,8,1.0,3.0,0.0,48,55,46.6,36,38,48.6,28,22,56.0,41.5,103.6
15,2017-11-06,1.0,New York Rangers,3,5,L,25,10,0,1.0,0,26,2,3.0,5.0,0.0,49,36,57.6,34,26,56.7,27,22,55.1,53.3,103.1
16,2017-11-07,,Nashville Predators,1,3,L,36,8,0,4.0,0,29,8,0.0,4.0,0.0,47,42,52.8,39,29,57.4,20,27,42.6,65.7,89.4
17,2017-11-10,,Carolina Hurricanes,1,3,L,26,2,0,2.0,0,29,4,0.0,1.0,0.0,42,54,43.8,32,36,47.1,19,25,43.2,45.8,94.4
18,2017-11-11,1.0,Detroit Red Wings,2,1,W,32,0,0,2.0,0,33,4,0.0,0.0,0.0,54,52,50.9,44,39,53.0,19,23,45.2,60.2,100.1
19,2017-11-14,1.0,Montreal Canadiens,2,1,W,25,4,0,2.0,0,29,4,0.0,2.0,0.0,50,62,44.6,31,38,44.9,33,22,60.0,40.0,105.4
20,2017-11-17,,New York Rangers,2,0,W,42,6,1,3.0,0,36,6,,3.0,,53,58,47.7,45,46,49.5,25,22,53.2,44.7,102.8
21,2017-11-20,1.0,Buffalo Sabres,3,2,W,29,6,0,1.0,0,32,2,0.0,3.0,0.0,41,42,49.4,37,29,56.1,15,29,34.1,38.4,102.7
22,2017-11-22,,Calgary Flames,1,0,W,41,2,0,2.0,0,22,4,,1.0,,66,54,55.0,51,37,58.0,17,25,40.5,49.1,102.6
23,2017-11-24,,Ottawa Senators,5,2,W,32,6,0,2.0,0,26,4,0.0,3.0,0.0,51,37,58.0,39,28,58.2,20,30,40.0,50.0,106.7
24,2017-11-27,1.0,Montreal Canadiens,1,3,L,38,6,0,5.0,0,28,10,1.0,3.0,0.0,50,40,55.6,35,28,55.6,16,21,43.2,66.7,94.0
25,2017-11-28,,Carolina Hurricanes,3,2,W,38,2,0,1.0,0,31,2,0.0,1.0,0.0,52,51,50.5,45,37,54.9,20,25,44.4,51.9,98.6
26,2017-12-01,,Anaheim Ducks,4,2,W,31,10,1,7.0,0,27,18,0.0,4.0,0.0,40,32,55.6,33,24,57.9,23,19,54.8,57.1,102.5
27,2017-12-02,1.0,Washington Capitals,3,4,L,35,4,0,0.0,1,23,0,1.0,2.0,0.0,66,51,56.4,52,33,61.2,22,34,39.3,58.3,91.8
28,2017-12-05,,New Jersey Devils,1,4,L,42,2,0,6.0,0,36,12,0.0,1.0,0.0,60,53,53.1,46,41,52.9,30,22,57.7,48.6,90.4
29,2017-12-08,1.0,New Jersey Devils,5,3,W,28,8,1,2.0,0,24,2,0.0,4.0,0.0,37,38,49.3,29,31,48.3,35,28,55.6,48.3,106.4
30,2017-12-09,,Arizona Coyotes,1,0,W,34,8,0,2.0,0,35,4,,4.0,,48,44,52.2,33,34,49.3,26,20,56.5,50.0,103.4
31,2017-12-12,,Edmonton Oilers,2,7,L,29,18,0,2.0,0,38,14,2.0,4.0,1.0,51,45,53.1,37,37,50.0,20,28,41.7,51.4,93.4
32,2017-12-14,,New York Islanders,6,4,W,35,6,1,2.0,0,25,4,1.0,4.0,0.0,55,57,49.1,41,38,51.9,27,28,49.1,47.1,102.4
33,2017-12-16,1.0,Carolina Hurricanes,1,2,L,36,4,0,4.0,0,24,8,0.0,2.0,0.0,54,38,58.7,42,32,56.8,26,23,53.1,48.3,94.2
34,2017-12-18,1.0,Boston Bruins,2,7,L,18,17,1,5.0,0,45,19,2.0,4.0,0.0,34,66,34.0,23,48,32.4,33,26,55.9,33.7,94.2
35,2017-12-20,,Toronto Maple Leafs,4,2,W,37,4,1,2.0,0,41,6,0.0,1.0,0.0,44,63,41.1,37,50,42.5,26,30,46.4,30.1,105.5
36,2017-12-21,1.0,Pittsburgh Penguins,2,3,L,32,35,1,4.0,0,41,24,2.0,5.0,0.0,42,61,40.8,34,49,41.0,30,27,52.6,45.6,103.8
37,2017-12-23,,Philadelphia Flyers,2,1,W,36,6,1,3.0,0,31,4,0.0,3.0,0.0,55,56,49.5,44,42,51.2,26,35,42.6,54.2,96.6
38,2017-12-27,1.0,Pittsburgh Penguins,4,5,L,33,8,0,3.0,0,37,6,2.0,4.0,0.0,52,54,49.1,38,39,49.4,28,33,45.9,54.8,108.9
39,2017-12-29,1.0,Ottawa Senators,4,5,L,25,2,1,5.0,0,28,10,0.0,1.0,0.0,41,52,44.1,29,34,46.0,21,29,42.0,46.4,95.1
40,2017-12-31,,Tampa Bay Lightning,0,5,L,21,8,0,4.0,0,35,8,1.0,5.0,0.0,33,47,41.3,26,36,41.9,25,20,55.6,41.0,86.2
41,2018-01-02,1.0,Dallas Stars,2,1,W,26,0,0,1.0,0,22,2,0.0,0.0,0.0,47,41,53.4,36,25,59.0,30,31,49.2,65.8,103.2
42,2018-01-04,1.0,Colorado Avalanche,0,2,L,34,8,0,3.0,0,32,6,1.0,3.0,0.0,49,42,53.8,37,29,56.1,32,23,58.2,57.0,95.7
43,2018-01-07,,Florida Panthers,3,2,W,48,8,2,4.0,0,44,10,1.0,3.0,0.0,60,67,47.2,50,47,51.5,25,33,43.1,44.8,96.8
44,2018-01-08,1.0,Toronto Maple Leafs,3,2,W,33,4,0,3.0,0,37,6,1.0,2.0,0.0,52,57,47.7,42,42,50.0,23,26,46.9,42.3,107.3
45,2018-01-11,1.0,Buffalo Sabres,1,3,L,45,2,1,1.0,0,29,4,0.0,0.0,0.0,70,43,61.9,56,33,62.9,28,40,41.2,66.8,89.7
46,2018-01-12,,Vancouver Canucks,2,5,L,29,6,1,2.0,0,29,4,2.0,3.0,0.0,56,45,55.4,39,32,54.9,20,32,38.5,66.7,89.9
47,2018-01-18,,Dallas Stars,2,1,W,26,8,0,2.0,0,36,6,0.0,4.0,0.0,42,62,40.4,35,43,44.9,23,28,45.1,55.6,100.9
48,2018-01-23,1.0,Vegas Golden Knights,3,6,L,32,8,0,3.0,0,38,8,2.0,3.0,0.0,51,56,47.7,39,43,47.6,34,26,56.7,55.5,99.0
49,2018-01-25,1.0,Arizona Coyotes,2,1,W,27,4,1,1.0,0,39,4,1.0,1.0,0.0,46,67,40.7,34,44,43.6,28,24,53.8,48.5,104.0
50,2018-01-30,,Minnesota Wild,2,3,L,30,4,1,3.0,0,43,6,1.0,2.0,0.0,50,59,45.9,44,50,46.8,25,27,48.1,49.0,100.7
51,2018-02-02,,San Jose Sharks,1,3,L,29,8,0,1.0,0,28,4,2.0,3.0,0.0,56,52,51.9,38,38,50.0,27,25,51.9,72.6,100.0
52,2018-02-03,1.0,New York Islanders,3,4,L,49,6,1,3.0,0,38,8,1.0,2.0,0.0,69,55,55.6,54,41,56.8,32,29,52.5,58.4,96.5
53,2018-02-06,,Washington Capitals,2,3,L,39,7,0,3.0,0,25,11,1.0,1.0,0.0,59,45,56.7,47,32,59.5,23,23,50.0,50.0,96.6
54,2018-02-09,1.0,Washington Capitals,2,4,L,37,8,0,3.0,0,17,6,1.0,4.0,0.0,60,42,58.8,44,29,60.3,25,23,52.1,61.3,81.9
55,2018-02-10,,New Jersey Devils,6,1,W,50,4,1,5.0,0,35,12,0.0,1.0,0.0,59,73,44.7,45,57,44.1,30,28,51.7,47.7,110.7
56,2018-02-13,1.0,New York Islanders,4,1,W,51,8,2,4.0,0,30,10,1.0,3.0,0.0,71,49,59.2,55,33,62.5,21,34,38.2,68.4,104.9
57,2018-02-14,1.0,Toronto Maple Leafs,3,6,L,57,6,0,2.0,0,28,4,0.0,3.0,0.0,87,41,68.0,74,28,72.5,24,38,38.7,75.0,76.9
58,2018-02-16,,Philadelphia Flyers,1,2,L,36,2,0,0.0,0,25,2,0.0,1.0,0.0,68,42,61.8,49,28,63.6,31,19,62.0,50.0,94.1
59,2018-02-18,,Pittsburgh Penguins,2,5,L,37,0,0,2.0,0,23,4,0.0,0.0,0.0,53,41,56.4,42,35,54.5,20,23,46.5,83.9,83.9
60,2018-02-20,1.0,New Jersey Devils,2,1,W,19,4,0,3.0,0,31,6,0.0,2.0,0.0,33,49,40.2,23,39,37.1,23,15,60.5,50.0,109.9
61,2018-02-22,1.0,Philadelphia Flyers,1,2,L,20,8,0,2.0,0,20,4,1.0,5.0,0.0,39,29,57.4,25,21,54.3,15,25,37.5,65.4,99.0
62,2018-02-24,,Chicago Blackhawks,3,2,W,29,6,1,1.0,0,33,2,0.0,3.0,0.0,42,53,44.2,32,38,45.7,24,23,51.1,34.6,100.5
63,2018-02-26,,Washington Capitals,5,1,W,35,14,2,4.0,1,26,10,1.0,3.0,0.0,50,38,56.8,38,30,55.9,28,18,60.9,44.8,106.7
64,2018-03-01,1.0,Los Angeles Kings,2,5,L,32,4,0,3.0,0,34,6,1.0,2.0,1.0,57,46,55.3,46,34,57.5,19,23,45.2,45.2,96.7
65,2018-03-02,1.0,Anaheim Ducks,2,4,L,36,8,0,4.0,0,35,12,0.0,2.0,1.0,49,52,48.5,41,43,48.8,23,29,44.2,51.7,97.1
66,2018-03-04,1.0,San Jose Sharks,4,2,W,28,8,0,2.0,0,35,4,0.0,4.0,0.0,50,43,53.8,34,36,48.6,19,28,40.4,53.3,106.9
67,2018-03-06,,Vegas Golden Knights,4,1,W,21,6,0,2.0,0,38,6,0.0,2.0,0.0,43,57,43.0,36,41,46.8,30,27,52.6,39.2,119.3
68,2018-03-08,,Colorado Avalanche,5,4,W,44,6,1,5.0,0,27,10,1.0,3.0,0.0,53,38,58.2,47,26,64.4,24,15,61.5,50.7,96.9
69,2018-03-09,,Detroit Red Wings,3,2,W,36,4,0,2.0,1,24,4,0.0,2.0,0.0,53,41,56.4,40,29,58.0,24,19,55.8,55.2,97.2
70,2018-03-12,,Montreal Canadiens,5,2,W,25,2,2,3.0,0,40,6,0.0,2.0,0.0,39,62,38.6,31,44,41.3,29,24,54.7,56.8,106.6
71,2018-03-15,1.0,Philadelphia Flyers,5,3,W,29,4,0,1.0,0,30,0,1.0,3.0,0.0,56,57,49.6,34,39,46.6,18,23,43.9,41.0,114.4
72,2018-03-17,,Ottawa Senators,2,1,W,35,2,1,2.0,0,24,4,0.0,1.0,0.0,61,40,60.4,45,26,63.4,18,18,50.0,65.2,98.8
73,2018-03-19,1.0,Boston Bruins,5,4,W,25,8,0,2.0,0,38,4,1.0,4.0,0.0,33,48,40.7,23,38,37.7,27,25,51.9,61.5,112.5
74,2018-03-20,1.0,New York Rangers,5,3,W,31,8,0,2.0,0,32,4,2.0,4.0,1.0,57,50,53.3,48,31,60.8,28,20,58.3,35.3,117.2
75,2018-03-22,,Florida Panthers,4,0,W,33,8,1,3.0,0,33,8,,4.0,,45,47,48.9,35,34,50.7,22,23,48.9,61.5,110.3
76,2018-03-24,,St. Louis Blues,1,2,L,34,6,0,3.0,0,28,6,0.0,2.0,0.0,58,44,56.9,40,34,54.1,22,31,41.5,47.4,95.6
77,2018-03-27,1.0,Edmonton Oilers,7,3,W,27,6,0,3.0,0,25,6,1.0,3.0,1.0,50,37,57.5,34,28,54.8,26,24,52.0,39.1,126.8
78,2018-03-29,1.0,Calgary Flames,5,1,W,28,4,1,3.0,0,38,6,0.0,2.0,0.0,38,67,36.2,31,54,36.5,27,21,56.3,46.7,113.9
79,2018-03-31,1.0,Vancouver Canucks,4,5,L,30,2,2,3.0,0,29,6,0.0,1.0,0.0,61,41,59.8,41,34,54.7,36,25,59.0,71.3,87.9
80,2018-04-03,,Detroit Red Wings,5,4,W,41,6,3,5.0,0,27,10,2.0,3.0,0.0,59,40,59.6,46,27,63.0,34,26,56.7,68.3,96.2
81,2018-04-05,,Pittsburgh Penguins,4,5,L,30,6,1,3.0,0,43,6,2.0,3.0,0.0,35,61,36.5,29,47,38.2,32,35,47.8,29.3,104.5
82,2018-04-07,1.0,Nashville Predators,2,4,L,31,20,0,1.0,1,27,14,2.0,5.0,0.0,45,46,49.5,36,35,50.7,14,30,31.8,59.8,95.0
1,2018-10-04,1.0,Detroit Red Wings,3,2,W,39,6,1,6.0,0,20,12,1.0,3.0,0.0,52,39,57.1,36,24,60.0,36,28,56.3,54.3,101.5
2,2018-10-05,,Carolina Hurricanes,1,3,L,32,2,0,3.0,0,35,6,0.0,1.0,0.0,46,57,44.7,38,43,46.9,24,21,53.3,51.4,94.2
3,2018-10-09,,Colorado Avalanche,5,2,W,35,8,1,6.0,0,27,12,1.0,4.0,0.0,41,33,55.4,34,23,59.6,25,20,55.6,53.6,110.1
4,2018-10-11,1.0,Florida Panthers,5,4,W,32,4,2,3.0,0,41,6,0.0,2.0,0.0,48,55,46.6,35,52,40.2,22,36,37.9,47.1,101.5
5,2018-10-13,1.0,Tampa Bay Lightning,2,8,L,32,16,0,5.0,0,31,12,4.0,7.0,0.0,33,33,50.0,27,22,55.1,22,21,51.2,56.5,86.0
6,2018-10-18,,Philadelphia Flyers,6,3,W,28,4,0,2.0,0,35,4,0.0,2.0,0.0,46,48,48.9,40,38,51.3,18,24,42.9,48.0,112.7
7,2018-10-20,,Chicago Blackhawks,1,4,L,38,6,0,4.0,0,26,8,0.0,3.0,0.0,54,43,55.7,42,32,56.8,24,23,51.1,54.2,86.6
8,2018-10-23,,Arizona Coyotes,1,4,L,36,10,0,3.0,0,26,10,1.0,3.0,0.0,55,42,56.7,46,32,59.0,26,23,53.1,54.6,90.6
9,2018-10-25,1.0,St. Louis Blues,7,4,W,32,10,2,4.0,0,37,12,1.0,3.0,0.0,46,51,47.4,36,42,46.2,26,35,42.6,36.6,109.4
10,2018-10-27,,Buffalo Sabres,5,4,W,37,10,0,3.0,0,38,6,1.0,5.0,0.0,51,51,50.0,39,39,50.0,24,28,46.2,62.1,106.7
11,2018-10-30,,Detroit Red Wings,3,5,L,37,4,0,5.0,0,32,10,1.0,2.0,1.0,59,50,54.1,49,43,53.3,28,26,51.9,57.0,98.7
12,2018-11-01,1.0,San Jose Sharks,4,1,W,27,8,0,1.0,1,45,4,0.0,3.0,0.0,38,78,32.8,34,51,40.0,21,37,36.2,39.2,109.6
13,2018-11-03,1.0,Los Angeles Kings,1,4,L,27,13,0,5.0,0,29,15,1.0,4.0,2.0,45,42,51.7,38,36,51.4,25,20,55.6,58.4,99.8
14,2018-11-04,1.0,Anaheim Ducks,2,3,L,26,10,0,6.0,0,30,12,0.0,5.0,0.0,39,44,47.0,29,32,47.5,20,22,47.6,42.9,98.9
15,2018-11-06,,Dallas Stars,4,1,W,34,4,1,3.0,0,28,6,1.0,2.0,0.0,44,46,48.9,33,35,48.5,23,22,51.1,47.1,111.1
16,2018-11-09,1.0,Washington Capitals,2,1,W,36,10,2,3.0,0,34,6,1.0,5.0,0.0,54,55,49.5,41,37,52.6,22,26,45.8,38.9,100.0
17,2018-11-10,,New York Rangers,4,5,L,38,9,1,2.0,1,19,9,0.0,2.0,0.0,57,37,60.6,43,25,63.2,34,20,63.0,57.6,82.7
18,2018-11-12,1.0,Dallas Stars,2,1,W,28,15,1,3.0,0,27,13,0.0,4.0,0.0,49,59,45.4,27,37,42.2,18,28,39.1,41.9,100.3
19,2018-11-15,,Florida Panthers,7,3,W,37,8,0,1.0,1,43,2,2.0,4.0,0.0,44,59,42.7,38,44,46.3,27,36,42.9,44.1,115.5
20,2018-11-17,1.0,Carolina Hurricanes,4,1,W,24,6,1,5.0,0,31,10,0.0,3.0,0.0,30,50,37.5,25,36,41.0,17,16,51.5,42.9,112.3
21,2018-11-19,1.0,Toronto Maple Leafs,2,4,L,39,0,0,0.0,0,26,0,0.0,0.0,0.0,60,56,51.7,52,41,55.9,27,38,41.5,61.5,89.7
22,2018-11-23,,Toronto Maple Leafs,4,2,W,24,6,0,2.0,1,34,4,0.0,3.0,0.0,38,56,40.4,31,42,42.5,27,18,60.0,29.4,105.9
23,2018-11-24,1.0,Pittsburgh Penguins,2,4,L,39,2,0,1.0,0,36,2,0.0,1.0,0.0,59,60,49.6,47,46,50.5,40,26,60.6,48.9,93.8
24,2018-11-26,1.0,Detroit Red Wings,7,5,W,32,6,1,4.0,0,32,8,1.0,3.0,0.0,38,35,52.1,34,31,52.3,27,25,51.9,52.0,106.2
25,2018-11-29,,Minnesota Wild,4,2,W,29,2,1,2.0,0,25,4,0.0,1.0,0.0,57,49,53.8,44,37,54.3,26,24,52.0,54.3,103.5
26,2018-12-01,1.0,New York Islanders,2,3,L,30,8,0,2.0,0,29,6,0.0,3.0,0.0,48,43,52.7,36,31,53.7,23,21,52.3,49.1,96.6
27,2018-12-04,,Calgary Flames,6,9,L,30,8,1,3.0,0,28,6,3.0,4.0,0.0,43,35,55.1,34,28,54.8,22,31,41.5,38.2,90.7
28,2018-12-06,1.0,Philadelphia Flyers,4,3,W,30,6,0,5.0,0,26,10,0.0,3.0,0.0,39,48,44.8,28,32,46.7,18,20,47.4,47.1,103.9
29,2018-12-08,,Washington Capitals,0,4,L,28,6,0,4.0,0,28,8,0.0,3.0,0.0,38,47,44.7,31,35,47.0,25,20,55.6,41.4,84.0
30,2018-12-11,,Vancouver Canucks,2,3,L,36,2,0,2.0,0,25,4,0.0,1.0,0.0,50,42,54.3,39,25,60.9,29,25,53.7,64.7,92.4
31,2018-12-13,,Los Angeles Kings,4,1,W,41,6,1,3.0,0,30,6,0.0,3.0,0.0,51,55,48.1,43,42,50.6,34,20,63.0,51.3,104.5
32,2018-12-15,,Anaheim Ducks,1,2,L,37,4,0,3.0,0,22,8,0.0,1.0,0.0,61,41,59.8,49,28,63.6,17,33,34.0,59.7,94.1
33,2018-12-17,,Vegas Golden Knights,1,0,W,31,2,0,2.0,0,28,4,0.0,1.0,0.0,42,51,45.2,37,36,50.7,28,16,63.6,43.8,103.4
34,2018-12-20,,New Jersey Devils,2,1,W,38,9,0,4.0,0,30,13,0.0,2.0,0.0,45,35,56.3,34,26,56.7,19,22,46.3,61.5,99.5
35,2018-12-22,1.0,Philadelphia Flyers,4,3,W,19,25,0,2.0,0,37,11,1.0,4.0,0.0,26,49,34.7,20,35,36.4,19,24,44.2,53.8,117.0
36,2018-12-23,1.0,New Jersey Devils,3,0,W,20,8,0,4.0,0,39,10,0.0,3.0,0.0,35,56,38.5,29,46,38.7,22,25,46.8,38.9,116.7
37,2018-12-27,1.0,New York Rangers,4,3,W,29,2,0,1.0,0,22,2,1.0,1.0,0.0,50,39,56.2,35,25,58.3,30,22,57.7,53.1,104.8
38,2018-12-28,,Toronto Maple Leafs,2,4,L,29,6,0,2.0,0,29,6,1.0,2.0,0.0,60,47,56.1,44,35,55.7,22,32,40.7,52.4,96.2
39,2018-12-31,,Ottawa Senators,6,3,W,38,13,0,2.0,0,25,11,0.0,3.0,0.0,60,41,59.4,48,30,61.5,35,30,53.8,67.2,102.6
40,2019-01-04,1.0,Carolina Hurricanes,2,4,L,24,4,0,1.0,0,31,2,0.0,2.0,0.0,45,59,43.3,32,44,42.1,23,22,51.1,55.6,95.8
41,2019-01-05,1.0,Florida Panthers,4,3,W,35,4,0,2.0,0,30,6,0.0,1.0,0.0,45,47,48.9,43,38,53.1,23,23,50.0,43.6,103.0
42,2019-01-08,1.0,Tampa Bay Lightning,0,4,L,31,2,0,1.0,0,22,2,0.0,1.0,0.0,60,37,61.9,38,30,55.9,18,22,45.0,63.0,78.9
43,2019-01-10,,Nashville Predators,4,3,W,33,4,2,2.0,0,35,4,0.0,2.0,0.0,54,62,46.6,42,42,50.0,33,28,54.1,45.7,97.1
44,2019-01-12,1.0,Washington Capitals,2,1,W,22,4,1,3.0,0,33,6,0.0,2.0,0.0,46,59,43.8,37,45,45.1,34,36,48.6,49.1,101.9
45,2019-01-13,,New York Rangers,7,5,W,40,6,0,5.0,0,27,10,0.0,3.0,0.0,58,45,56.3,45,33,57.7,38,19,66.7,46.4,100.4
46,2019-01-15,,New Jersey Devils,4,1,W,34,4,1,3.0,0,30,6,0.0,2.0,0.0,47,46,50.5,38,30,55.9,22,30,42.3,67.4,105.8
47,2019-01-18,,Montreal Canadiens,1,4,L,35,6,0,2.0,0,26,4,0.0,3.0,0.0,46,45,50.5,40,35,53.3,28,23,54.9,51.8,87.9
48,2019-01-19,1.0,Minnesota Wild,1,2,L,20,8,1,4.0,0,31,8,0.0,4.0,0.0,42,43,49.4,27,35,43.5,9,24,27.3,44.3,92.3
49,2019-01-29,,Buffalo Sabres,4,5,L,37,4,1,2.0,0,34,4,0.0,2.0,0.0,59,53,52.7,45,41,52.3,23,28,45.1,52.8,93.0
50,2019-01-31,1.0,Winnipeg Jets,3,4,L,31,8,1,3.0,0,26,6,1.0,4.0,0.0,48,45,51.6,34,34,50.0,25,23,52.1,50.0,92.9
51,2019-02-02,,St. Louis Blues,2,4,L,20,4,0,1.0,0,33,2,0.0,2.0,0.0,39,50,43.8,28,36,43.8,25,30,45.5,34.3,98.9
52,2019-02-05,1.0,Colorado Avalanche,6,3,W,37,8,1,2.0,0,30,4,0.0,4.0,0.0,49,46,51.6,35,33,51.5,23,25,47.9,51.7,107.8
53,2019-02-07,1.0,Arizona Coyotes,4,2,W,33,6,1,2.0,0,31,4,0.0,3.0,0.0,49,60,45.0,41,50,45.1,36,20,64.3,34.1,103.4
54,2019-02-09,1.0,Vegas Golden Knights,4,3,W,33,4,1,2.0,0,23,6,0.0,1.0,1.0,51,38,57.3,38,26,59.4,30,25,54.5,57.9,100.8
55,2019-02-12,,Washington Capitals,3,0,W,32,4,0,4.0,0,20,10,0.0,1.0,0.0,43,34,55.8,33,24,57.9,28,15,65.1,45.8,113.0
56,2019-02-14,,New York Islanders,0,3,L,31,4,0,1.0,0,27,2,0.0,2.0,0.0,60,44,57.7,40,33,54.8,27,22,55.1,52.8,88.0
57,2019-02-16,1.0,Chicago Blackhawks,5,2,W,30,2,0,1.0,0,41,2,1.0,1.0,0.0,48,59,44.9,37,48,43.5,20,30,40.0,33.3,114.7
58,2019-02-18,,Tampa Bay Lightning,1,5,L,40,8,0,4.0,0,20,10,2.0,3.0,0.0,50,28,64.1,43,20,68.3,27,26,50.9,66.8,85.1
59,2019-02-19,1.0,Montreal Canadiens,2,3,L,33,16,0,2.0,0,32,14,0.0,3.0,0.0,49,61,44.5,39,43,47.6,20,26,43.5,50.2,96.6
60,2019-02-22,1.0,Ottawa Senators,3,0,W,40,8,0,4.0,1,22,8,0.0,4.0,0.0,46,34,57.5,35,27,56.5,15,16,48.4,52.4,107.4
61,2019-02-23,,San Jose Sharks,4,0,W,26,4,1,2.0,0,26,4,0.0,2.0,0.0,40,35,53.3,29,29,50.0,22,23,48.9,40.7,113.0
62,2019-02-26,,Pittsburgh Penguins,2,5,L,23,4,1,3.0,0,27,6,0.0,2.0,0.0,42,44,48.8,26,31,45.6,28,12,70.0,36.2,85.0
63,2019-02-28,,Philadelphia Flyers,4,3,W,40,4,0,3.0,0,31,6,1.0,2.0,0.0,62,55,53.0,44,43,50.6,39,28,58.2,47.1,104.5
64,2019-03-02,,Edmonton Oilers,0,4,L,30,2,0,1.0,0,24,2,0.0,1.0,0.0,53,34,60.9,37,28,56.9,24,30,44.4,68.2,81.8
65,2019-03-03,,Winnipeg Jets,2,5,L,42,11,1,4.0,0,26,23,0.0,3.0,0.0,52,42,55.3,41,33,55.4,23,21,52.3,73.1,80.2
66,2019-03-05,1.0,New Jersey Devils,2,1,W,18,4,0,2.0,0,30,4,0.0,2.0,0.0,46,54,46.0,33,44,42.9,24,20,54.5,50.0,102.0
67,2019-03-07,1.0,Pittsburgh Penguins,0,3,L,25,17,0,3.0,0,31,13,1.0,5.0,0.0,42,41,50.6,25,29,46.3,19,22,46.3,55.6,90.9
68,2019-03-09,,Pittsburgh Penguins,4,1,W,33,8,0,3.0,1,29,10,0.0,3.0,0.0,40,44,47.6,34,34,50.0,22,24,47.8,40.7,106.8
69,2019-03-11,1.0,New York Islanders,0,2,L,31,6,0,1.0,0,20,4,0.0,2.0,0.0,59,31,65.6,43,27,61.4,11,21,34.4,58.9,88.9
70,2019-03-12,,Boston Bruins,7,4,W,35,11,1,4.0,1,31,13,0.0,3.0,1.0,43,51,45.7,36,38,48.6,31,15,67.4,57.9,106.5
71,2019-03-15,,Carolina Hurricanes,3,0,W,20,4,0,1.0,1,46,2,0.0,2.0,0.0,26,76,25.5,20,61,24.7,29,25,53.7,19.0,111.8
72,2019-03-16,1.0,Boston Bruins,1,2,L,25,4,0,1.0,0,33,2,1.0,2.0,0.0,44,60,42.3,37,41,47.4,27,29,48.2,38.8,101.0
73,2019-03-19,1.0,Calgary Flames,2,4,L,33,7,1,3.0,0,31,11,0.0,1.0,0.0,52,49,51.5,41,40,50.6,22,33,40.0,64.9,89.7
74,2019-03-21,1.0,Edmonton Oilers,1,4,L,20,2,0,0.0,0,22,0,1.0,1.0,0.0,42,58,42.0,28,37,43.1,24,29,45.3,54.3,90.7
75,2019-03-24,1.0,Vancouver Canucks,5,0,W,33,8,0,2.0,0,21,4,0.0,4.0,0.0,49,33,59.8,37,21,63.8,28,17,62.2,58.6,116.7
76,2019-03-26,,New York Islanders,4,0,W,33,2,1,1.0,0,26,4,0.0,0.0,0.0,51,49,51.0,42,35,54.5,35,24,59.3,39.7,109.7
77,2019-03-28,,Montreal Canadiens,6,2,W,30,4,0,2.0,0,28,4,0.0,2.0,0.0,49,52,48.5,38,39,49.4,30,29,50.8,56.0,113.3
78,2019-03-30,1.0,Nashville Predators,5,2,W,32,4,0,5.0,0,25,10,0.0,2.0,1.0,48,33,59.3,40,25,61.5,16,30,34.8,74.6,112.3
79,2019-03-31,1.0,Buffalo Sabres,4,0,W,36,2,0,2.0,0,38,4,0.0,1.0,0.0,50,56,47.2,47,46,50.5,29,26,52.7,52.2,111.4
80,2019-04-02,,Boston Bruins,2,6,L,34,2,2,4.0,0,28,8,0.0,1.0,0.0,54,40,57.4,40,36,52.6,32,28,53.3,51.7,78.6
81,2019-04-05,1.0,New York Rangers,3,2,W,41,0,0,2.0,0,27,4,0.0,0.0,0.0,70,44,61.4,56,35,61.5,46,23,66.7,48.3,97.6
82,2019-04-06,1.0,Ottawa Senators,6,2,W,27,0,0,0.0,0,29,0,0.0,0.0,0.0,41,64,39.0,35,50,41.2,25,20,55.6,46.2,115.3
